account_id,created_at,country,currency,kyc_level
ACC_000,2024-11-22 00:46:06.413517800,Nigeria,NGN,verified
ACC_001,2025-10-05 01:23:16.196830044,Kenya,KES,basic
ACC_002,2024-08-29 14:28:51.773719512,Nigeria,NGN,verified
ACC_003,2025-05-30 06:16:20.657897600,Nigeria,NGN,basic
ACC_004,2025-11-23 02:50:20.709962744,Nigeria,NGN,verified
ACC_005,2025-12-10 08:16:11.473186004,Ghana,GHS,basic
ACC_006,2025-05-06 12:30:54.408935288,South Africa,ZAR,basic
ACC_007,2024-08-10 04:06:07.827589656,Kenya,KES,verified
ACC_008,2025-05-29 15:48:40.919597520,South Africa,ZAR,basic
ACC_009,2025-11-26 00:14:55.129896768,South Africa,ZAR,basic
ACC_010,2026-03-12 15:28:00.444801042,Nigeria,NGN,basic
ACC_011,2024-05-25 00:19:03.470394144,South Africa,ZAR,basic
ACC_012,2024-09-04 11:12:01.057799104,Nigeria,NGN,basic
ACC_013,2026-03-24 18:39:06.710838458,South Africa,ZAR,verified
ACC_014,2024-12-10 05:18:27.254284360,South Africa,ZAR,verified
ACC_015,2025-12-16 01:00:51.247587390,Nigeria,NGN,basic
ACC_016,2024-11-03 00:49:18.869902360,South Africa,ZAR,basic
ACC_017,2024-05-18 04:57:57.546733440,Nigeria,NGN,basic
ACC_018,2025-10-02 11:54:40.201420596,South Africa,ZAR,basic
ACC_019,2025-07-14 06:37:17.063758164,Kenya,KES,verified
ACC_020,2025-10-12 01:30:11.072212244,Nigeria,NGN,verified
ACC_021,2024-11-25 21:39:12.032803368,Kenya,KES,basic
ACC_022,2025-04-25 04:00:24.395575328,South Africa,ZAR,verified
ACC_023,2024-10-10 15:10:41.908484720,Kenya,KES,verified
ACC_024,2025-08-23 04:58:35.419469088,Nigeria,NGN,basic
ACC_025,2024-06-16 08:45:42.613696224,South Africa,ZAR,basic
ACC_026,2025-10-11 09:34:13.834658376,Kenya,KES,verified
ACC_027,2024-04-29 21:26:38.253302424,South Africa,ZAR,basic
ACC_028,2024-11-08 02:26:26.407114456,Ghana,GHS,verified
ACC_029,2025-04-28 03:10:23.944710408,South Africa,ZAR,basic
ACC_030,2025-10-29 18:25:03.501658652,South Africa,ZAR,verified
ACC_031,2025-01-08 17:50:40.286876904,Ghana,GHS,basic
ACC_032,2025-11-22 12:34:57.175665332,Kenya,KES,verified
ACC_033,2025-03-28 23:23:21.723016208,Nigeria,NGN,basic
ACC_034,2026-01-19 08:40:23.707229912,Kenya,KES,verified
ACC_035,2025-05-30 01:17:59.615601352,Nigeria,NGN,basic
ACC_036,2025-07-04 07:47:21.471876640,Ghana,GHS,verified
ACC_037,2025-10-25 14:28:23.429207068,Nigeria,NGN,verified
ACC_038,2024-09-12 07:19:42.282332888,South Africa,ZAR,verified
ACC_039,2025-08-09 09:08:10.043202392,South Africa,ZAR,basic
ACC_040,2026-01-14 17:39:57.921419868,Nigeria,NGN,verified
ACC_041,2024-04-30 08:11:26.177651912,South Africa,ZAR,verified
ACC_042,2024-08-07 10:13:45.421654400,Nigeria,NGN,verified
ACC_043,2025-09-14 16:28:21.916389164,Kenya,KES,basic
ACC_044,2025-07-11 00:40:43.528428592,Kenya,KES,verified
ACC_045,2024-02-22 18:55:30.968381504,Nigeria,NGN,verified
ACC_046,2025-08-23 07:37:17.507072732,Nigeria,NGN,basic
ACC_047,2024-03-15 00:25:15.212621264,South Africa,ZAR,basic
ACC_048,2026-04-11 22:31:21.084964910,Nigeria,NGN,basic
ACC_049,2024-09-02 13:46:09.910719024,Nigeria,NGN,verified
ACC_050,2024-08-04 01:22:37.617852328,Kenya,KES,verified
ACC_051,2025-04-13 20:06:14.203074568,Kenya,KES,basic
ACC_052,2025-02-27 06:10:16.747344680,Ghana,GHS,basic
ACC_053,2024-03-15 04:17:10.558012368,Kenya,KES,verified
ACC_054,2025-09-03 03:21:49.815494324,South Africa,ZAR,basic
ACC_055,2024-04-09 16:03:28.485559080,Ghana,GHS,basic
ACC_056,2025-10-28 15:43:50.831953516,Nigeria,NGN,basic
ACC_057,2026-05-14 00:48:16.743789398,Kenya,KES,verified
ACC_058,2025-11-21 17:51:39.645545176,Nigeria,NGN,verified
ACC_059,2024-11-29 06:34:12.907921200,Kenya,KES,basic
ACC_060,2024-04-04 14:49:48.462355376,South Africa,ZAR,basic
ACC_061,2025-03-11 00:25:12.786227968,South Africa,ZAR,verified
ACC_062,2025-04-05 00:32:42.927855920,Kenya,KES,verified
ACC_063,2024-03-09 10:27:45.564032128,Ghana,GHS,basic
ACC_064,2024-07-18 17:08:47.114912648,Ghana,GHS,basic
ACC_065,2026-03-11 06:28:38.529298198,Ghana,GHS,basic
ACC_066,2025-05-28 19:40:42.064838588,Ghana,GHS,verified
ACC_067,2026-04-15 04:54:20.198132208,Nigeria,NGN,basic
ACC_068,2025-06-16 01:16:03.466936660,South Africa,ZAR,basic
ACC_069,2025-10-28 00:03:20.691879968,Kenya,KES,verified
ACC_070,2025-05-07 00:56:56.836479144,Ghana,GHS,basic
ACC_071,2025-10-01 23:58:38.565675420,Kenya,KES,basic
ACC_072,2025-05-11 19:25:48.155821748,Nigeria,NGN,basic
ACC_073,2024-11-10 23:12:52.607919088,Nigeria,NGN,basic
ACC_074,2024-03-17 09:27:26.621245072,Kenya,KES,basic
ACC_075,2025-06-12 18:04:28.091828588,Ghana,GHS,basic
ACC_076,2024-05-10 02:05:59.181536760,Nigeria,NGN,basic
ACC_077,2025-07-06 15:02:28.592743172,Ghana,GHS,basic
ACC_078,2024-03-17 06:18:09.446692032,Ghana,GHS,basic
ACC_079,2025-05-29 07:36:13.293091440,Ghana,GHS,basic
ACC_080,2025-12-18 02:55:57.113226250,Kenya,KES,basic
ACC_081,2025-01-13 10:42:55.899923656,Nigeria,NGN,verified
ACC_082,2025-09-01 11:55:53.659228992,Nigeria,NGN,verified
ACC_083,2025-04-12 12:39:20.745955584,Kenya,KES,basic
ACC_084,2024-02-16 10:56:11.398666112,Nigeria,NGN,basic
ACC_085,2026-04-02 17:16:28.463321337,Nigeria,NGN,verified
ACC_086,2024-05-12 13:12:54.226309312,Ghana,GHS,basic
ACC_087,2024-03-04 03:28:22.308443792,Kenya,KES,verified
ACC_088,2024-12-31 02:26:24.267198296,Nigeria,NGN,basic
ACC_089,2024-11-06 10:02:53.972929424,South Africa,ZAR,basic
ACC_HUB_SELLER,2024-10-19 08:00:00.000000000,Nigeria,NGN,basic
ATO_MULE_0,2026-06-28 09:57:48.454027505,South Africa,ZAR,verified
ATO_MULE_1,2026-06-28 10:29:28.564397024,South Africa,ZAR,basic
ATO_MULE_2,2026-06-28 10:32:26.628878896,South Africa,ZAR,basic
ATO_MULE_3,2026-06-27 08:55:40.096310183,South Africa,ZAR,verified
ATO_MULE_4,2026-06-28 00:38:17.145057690,South Africa,ZAR,basic
ATO_MULE_5,2026-06-28 12:38:05.626929611,South Africa,ZAR,basic
ATO_VICTIM,2022-08-31 08:00:00.000000000,South Africa,ZAR,basic
RNG_A_00,2026-06-27 18:45:17.502617755,Nigeria,NGN,basic
RNG_A_01,2026-06-26 15:13:21.118001968,Nigeria,NGN,verified
RNG_A_02,2026-06-28 02:54:17.687914302,Nigeria,NGN,basic
RNG_A_03,2026-06-27 06:59:08.109499591,Nigeria,NGN,verified
RNG_A_04,2026-06-29 06:10:01.993725600,Nigeria,NGN,basic
RNG_A_05,2026-06-26 08:10:56.009389306,Nigeria,NGN,basic
RNG_A_06,2026-06-26 14:42:08.522994428,Nigeria,NGN,basic
RNG_A_07,2026-06-28 04:02:39.140475386,Nigeria,NGN,basic
RNG_A_08,2026-06-27 14:01:20.256334458,Nigeria,NGN,verified
RNG_A_09,2026-06-26 21:14:48.989487097,Nigeria,NGN,basic
SMR_COLLECTOR,2026-06-29 13:59:26.747633615,Kenya,KES,verified
SMR_EXIT_0,2026-06-29 02:06:20.544168848,Kenya,KES,verified
SMR_EXIT_1,2026-06-30 01:24:58.143229090,Kenya,KES,basic
SMR_F00,2026-06-29 19:43:19.630745710,Kenya,KES,verified
SMR_F01,2026-06-29 02:05:22.310480507,Kenya,KES,verified
SMR_F02,2026-06-28 08:15:19.255624060,Kenya,KES,verified
SMR_F03,2026-06-30 02:48:37.995803532,Kenya,KES,basic
SMR_F04,2026-06-30 05:41:04.982241476,Kenya,KES,basic
SMR_F05,2026-06-29 11:59:41.182336975,Kenya,KES,basic
SMR_F06,2026-06-30 02:04:02.773114366,Kenya,KES,basic
SMR_F07,2026-06-29 09:13:44.312736967,Kenya,KES,basic
SMR_F08,2026-06-29 22:08:10.478574268,Kenya,KES,verified
SMR_F09,2026-06-29 01:44:42.200419845,Kenya,KES,basic
SMR_F10,2026-06-29 11:47:53.412329439,Kenya,KES,basic
SMR_F11,2026-06-29 00:12:02.943494399,Kenya,KES,basic
